日期,单位净值,累计净值,涨跌幅
2018-12-19,1.0,1.0,--
2018-12-21,0.999,0.999,--
2018-12-28,0.9994,0.9994,--
2018-12-31,0.9998,0.9998,--
2019-01-04,1.0006,1.0006,--
2019-01-10,1.0007,1.0007,--
2019-01-11,1.0009,1.0009,0.02
2019-01-17,1.0004,1.0004,--
2019-01-18,1.0051,1.0051,0.4698
2019-01-21,1.0057,1.0057,0.0597
2019-01-22,1.0009,1.0009,-0.4773
2019-01-23,1.0053,1.0053,0.4396
2019-01-24,1.008,1.008,0.2686
2019-01-25,1.0134,1.0134,0.5357
2019-01-28,1.0124,1.0124,-0.0987
2019-01-29,1.0192,1.0192,0.6717
2019-01-30,1.0156,1.0156,-0.3532
2019-01-31,1.0192,1.0192,0.3545
2019-02-01,1.0294,1.0294,1.0008
2019-02-11,1.038,1.038,0.8354
2019-02-12,1.0428,1.0428,0.4624
2019-02-13,1.0539,1.0539,1.0644
2019-02-14,1.0518,1.0518,-0.1993
2019-02-15,1.0338,1.0338,-1.7114
2019-02-18,1.0544,1.0544,1.9926
2019-02-19,1.0535,1.0535,-0.0854
2019-02-20,1.0549,1.0549,0.1329
2019-02-21,1.0484,1.0484,-0.6162
2019-02-22,1.0561,1.0561,0.7345
2019-02-25,1.0967,1.0967,3.8443
2019-02-26,1.0892,1.0892,-0.6839
2019-02-27,1.092,1.092,0.2571
2019-02-28,1.0893,1.0893,-0.2473
2019-03-01,1.1015,1.1015,1.12
2019-03-04,1.1153,1.1153,1.2528
2019-03-05,1.1266,1.1266,1.0132
2019-03-06,1.1365,1.1365,0.8788
2019-03-07,1.1304,1.1304,-0.5367
2019-03-08,1.0889,1.0889,-3.6713
2019-03-11,1.1069,1.1069,1.653
2019-03-12,1.1168,1.1168,0.8944
2019-03-13,1.1138,1.1138,-0.2686
2019-03-14,1.1021,1.1021,-1.0505
2019-03-15,1.1197,1.1197,1.597
2019-03-18,1.1519,1.1519,2.8758
2019-03-19,1.1504,1.1504,-0.1302
2019-03-20,1.155,1.155,0.3999
2019-03-21,1.1557,1.1557,0.0606
2019-03-22,1.1622,1.1622,0.5624
2019-03-25,1.1494,1.1494,-1.1014
2019-03-26,1.1349,1.1349,-1.2615
2019-03-27,1.1496,1.1496,1.2953
2019-03-28,1.1375,1.1375,-1.0525
2019-03-29,1.1666,1.1666,2.5582
2019-04-01,1.1962,1.1962,2.5373
2019-04-02,1.1947,1.1947,-0.1254
2019-04-03,1.2096,1.2096,1.2472
2019-04-04,1.2247,1.2247,1.2483
2019-04-08,1.2205,1.2205,-0.3429
2019-04-09,1.2259,1.2259,0.4424
2019-04-10,1.2281,1.2281,0.1795
2019-04-11,1.2124,1.2124,-1.2784
2019-04-12,1.2099,1.2099,-0.2062
2019-04-15,1.2037,1.2037,-0.5124
2019-04-16,1.2226,1.2226,1.5702
2019-04-17,1.2267,1.2267,0.3354
2019-04-18,1.2156,1.2156,-0.9049
2019-04-19,1.2212,1.2212,0.4607
2019-04-22,1.1924,1.1924,-2.3583
2019-04-23,1.184,1.184,-0.7045
2019-04-24,1.1856,1.1856,0.1351
2019-04-25,1.1549,1.1549,-2.5894
2019-04-26,1.1413,1.1413,-1.1776
2019-04-29,1.142,1.142,0.0613
2019-04-30,1.1548,1.1548,1.1208
2019-05-06,1.0988,1.0988,-4.8493
2019-05-07,1.109,1.109,0.9283
2019-05-08,1.0995,1.0995,-0.8566
2019-05-09,1.0843,1.0843,-1.3824
2019-05-10,1.1156,1.1156,2.8867
2019-05-13,1.1061,1.1061,-0.8516
2019-05-14,1.099,1.099,-0.6419
2019-05-15,1.1168,1.1168,1.6197
2019-05-16,1.1244,1.1244,0.6805
2019-05-17,1.0977,1.0977,-2.3746
2019-05-20,1.0872,1.0872,-0.9565
2019-05-21,1.1004,1.1004,1.2141
2019-05-22,1.0953,1.0953,-0.4635
2019-05-23,1.0835,1.0835,-1.0773
2019-05-24,1.0881,1.0881,0.4246
2019-05-27,1.1018,1.1018,1.2591
2019-05-28,1.1077,1.1077,0.5355
2019-05-29,1.103,1.103,-0.4243
2019-05-30,1.1066,1.1066,0.3264
2019-05-31,1.1062,1.1062,-0.0361
2019-06-03,1.1056,1.1056,-0.0542
2019-06-04,1.098,1.098,-0.6874
2019-06-05,1.0992,1.0992,0.1093
2019-06-06,1.0923,1.0923,-0.6277
2019-06-10,1.1021,1.1021,0.8972
2019-06-11,1.1247,1.1247,2.0506
2019-06-12,1.1169,1.1169,-0.6935
2019-06-13,1.1123,1.1123,-0.4119
2019-06-14,1.1039,1.1039,-0.7552
2019-06-17,1.1029,1.1029,-0.0906
2019-06-18,1.1026,1.1026,-0.0272
2019-06-19,1.1157,1.1157,1.1881
2019-06-20,1.1349,1.1349,1.7209
2019-06-21,1.1372,1.1372,0.2027
2019-06-24,1.1372,1.1372,0
2019-06-25,1.127,1.127,-0.8969
2019-06-26,1.1267,1.1267,-0.0266
2019-06-27,1.1337,1.1337,0.6213
2019-06-28,1.1285,1.1285,-0.4587
2019-06-30,1.1284,1.1284,--
2019-07-01,1.1501,1.1501,1.914
2019-07-02,1.1544,1.1544,0.3739
2019-07-03,1.157,1.157,0.2252
2019-07-04,1.1564,1.1564,-0.0519
2019-07-05,1.159,1.159,0.2248
2019-07-08,1.1343,1.1343,-2.1311
2019-07-09,1.1355,1.1355,0.1058
2019-07-10,1.1294,1.1294,-0.5372
2019-07-11,1.1285,1.1285,-0.0797
2019-07-12,1.1348,1.1348,0.5583
2019-07-15,1.1378,1.1378,0.2644
2019-07-16,1.139,1.139,0.1055
2019-07-17,1.1391,1.1391,0.0088
2019-07-18,1.1295,1.1295,-0.8428
2019-07-19,1.1416,1.1416,1.0713
2019-07-22,1.1336,1.1336,-0.7008
2019-07-23,1.1373,1.1373,0.3264
2019-07-24,1.1439,1.1439,0.5803
2019-07-25,1.1487,1.1487,0.4196
2019-07-26,1.1494,1.1494,0.0609
2019-07-29,1.1505,1.1505,0.0957
2019-07-30,1.1562,1.1562,0.4954
2019-07-31,1.1471,1.1471,-0.7871
2019-08-01,1.1371,1.1371,-0.8718
2019-08-02,1.1242,1.1242,-1.1345
2019-08-05,1.1045,1.1045,-1.7524
2019-08-06,1.0895,1.0895,-1.3581
2019-08-07,1.0868,1.0868,-0.2478
2019-08-08,1.0995,1.0995,1.1686
2019-08-09,1.0903,1.0903,-0.8367
2019-08-12,1.1025,1.1025,1.119
2019-08-13,1.097,1.097,-0.4989
2019-08-14,1.0989,1.0989,0.1732
2019-08-15,1.1033,1.1033,0.4004
2019-08-16,1.1028,1.1028,-0.0453
2019-08-19,1.1224,1.1224,1.7773
2019-08-20,1.1195,1.1195,-0.2584
2019-08-21,1.1184,1.1184,-0.0983
2019-08-22,1.1193,1.1193,0.0805
2019-08-23,1.1216,1.1216,0.2055
2019-08-26,1.112,1.112,-0.8559
2019-08-27,1.1249,1.1249,1.1601
2019-08-28,1.1242,1.1242,-0.0622
2019-08-29,1.1168,1.1168,-0.6582
2019-08-30,1.1131,1.1131,-0.3313
2019-09-02,1.1213,1.1213,0.7367
2019-09-03,1.1196,1.1196,-0.1516
2019-09-04,1.1306,1.1306,0.9825
2019-09-05,1.1354,1.1354,0.4246
2019-09-06,1.1413,1.1413,0.5196
2019-09-09,1.1491,1.1491,0.6834
2019-09-10,1.1429,1.1429,-0.5396
2019-09-11,1.1441,1.1441,0.105
2019-09-12,1.1514,1.1514,0.6381
2019-09-16,1.1535,1.1535,0.1824
2019-09-17,1.1377,1.1377,-1.3697
2019-09-18,1.1436,1.1436,0.5186
2019-09-19,1.146,1.146,0.2099
2019-09-20,1.1454,1.1454,-0.0524
2019-09-23,1.1318,1.1318,-1.1874
2019-09-24,1.1372,1.1372,0.4771
2019-09-25,1.1266,1.1266,-0.9321
2019-09-26,1.1261,1.1261,-0.0444
2019-09-27,1.1234,1.1234,-0.2398
2019-09-30,1.1194,1.1194,-0.3561
2019-10-08,1.1269,1.1269,0.67
2019-10-09,1.1389,1.1389,1.0649
2019-10-10,1.1447,1.1447,0.5093
2019-10-11,1.1514,1.1514,0.5853
2019-10-14,1.1652,1.1652,1.1985
2019-10-15,1.1594,1.1594,-0.4978
2019-10-16,1.1593,1.1593,-0.0086
2019-10-17,1.1556,1.1556,-0.3192
2019-10-18,1.1416,1.1416,-1.2115
2019-10-21,1.1465,1.1465,0.4292
2019-10-22,1.1494,1.1494,0.2529
2019-10-23,1.142,1.142,-0.6438
2019-10-24,1.1443,1.1443,0.2014
2019-10-25,1.1515,1.1515,0.6292
2019-10-28,1.1539,1.1539,0.2084
2019-10-29,1.1453,1.1453,-0.7453
2019-10-30,1.1412,1.1412,-0.358
2019-10-31,1.1358,1.1358,-0.4732
2019-11-01,1.1496,1.1496,1.215
2019-11-04,1.1516,1.1516,0.174
2019-11-05,1.1602,1.1602,0.7468
2019-11-06,1.1545,1.1545,-0.4913
2019-11-07,1.158,1.158,0.3032
2019-11-08,1.153,1.153,-0.4318
2019-11-11,1.1339,1.1339,-1.6565
2019-11-12,1.1345,1.1345,0.0529
2019-11-13,1.129,1.129,-0.4848
2019-11-14,1.1283,1.1283,-0.062
2019-11-15,1.1235,1.1235,-0.4254
2019-11-18,1.1372,1.1372,1.2194
2019-11-19,1.1499,1.1499,1.1168
2019-11-20,1.1426,1.1426,-0.6348
2019-11-21,1.1419,1.1419,-0.0613
2019-11-22,1.1406,1.1406,-0.1138
2019-11-25,1.157,1.157,1.4378
2019-11-26,1.1566,1.1566,-0.0346
2019-11-27,1.1524,1.1524,-0.3631
2019-11-28,1.1471,1.1471,-0.4599
2019-11-29,1.1477,1.1477,0.0523
2019-12-02,1.1486,1.1486,0.0784
2019-12-03,1.1531,1.1531,0.3918
2019-12-04,1.1499,1.1499,-0.2775
2019-12-05,1.1528,1.1528,0.2522
2019-12-06,1.1573,1.1573,0.3904
2019-12-09,1.1625,1.1625,0.4493
2019-12-10,1.1606,1.1606,-0.1634
2019-12-11,1.163,1.163,0.2068
2019-12-12,1.1624,1.1624,-0.0516
2019-12-13,1.1771,1.1771,1.2646
2019-12-16,1.1815,1.1815,0.3738
2019-12-17,1.1905,1.1905,0.7617
2019-12-18,1.1874,1.1874,-0.2604
2019-12-19,1.191,1.191,0.3032
2019-12-20,1.1899,1.1899,-0.0924
2019-12-23,1.1767,1.1767,-1.1093
2019-12-24,1.1793,1.1793,0.221
2019-12-25,1.1771,1.1771,-0.1866
2019-12-26,1.1887,1.1887,0.9855
2019-12-27,1.1924,1.1924,0.3113
2019-12-30,1.2085,1.2085,1.3502
2019-12-31,1.2155,1.2155,0.5792
2020-01-02,1.2284,1.2284,1.0613
2020-01-03,1.2267,1.2267,-0.1384
2020-01-06,1.2212,1.2212,-0.4484
2020-01-07,1.2286,1.2286,0.606
2020-01-08,1.2126,1.2126,-1.3023
2020-01-09,1.2239,1.2239,0.9319
2020-01-10,1.2197,1.2197,-0.3432
2020-01-13,1.2232,1.2232,0.287
2020-01-14,1.2242,1.2242,0.0818
2020-01-15,1.2169,1.2169,-0.5963
2020-01-16,1.2089,1.2089,-0.6574
2020-01-17,1.2084,1.2084,-0.0414
2020-01-20,1.2077,1.2077,-0.0579
2020-01-21,1.1888,1.1888,-1.565
2020-01-22,1.1905,1.1905,0.143
2020-01-23,1.1574,1.1574,-2.7803
2020-02-03,1.0642,1.0642,-8.0525
2020-02-04,1.0855,1.0855,2.0015
2020-02-05,1.0964,1.0964,1.0041
2020-02-06,1.1068,1.1068,0.9486
2020-02-07,1.1004,1.1004,-0.5782
2020-02-10,1.1161,1.1161,1.4268
2020-02-11,1.1248,1.1248,0.7795
2020-02-12,1.1297,1.1297,0.4356
2020-02-13,1.1248,1.1248,-0.4337
2020-02-14,1.1334,1.1334,0.7646
2020-02-17,1.1546,1.1546,1.8705
2020-02-18,1.147,1.147,-0.6582
2020-02-19,1.1448,1.1448,-0.1918
2020-02-20,1.1584,1.1584,1.188
2020-02-21,1.1592,1.1592,0.0691
2020-02-24,1.1464,1.1464,-1.1042
2020-02-25,1.1343,1.1343,-1.0555
2020-02-26,1.1418,1.1418,0.6612
2020-02-27,1.1486,1.1486,0.5956
2020-02-28,1.1224,1.1224,-2.281
2020-03-02,1.1617,1.1617,3.5014
2020-03-03,1.1601,1.1601,-0.1377
2020-03-04,1.1755,1.1755,1.3275
2020-03-05,1.1895,1.1895,1.191
2020-03-06,1.1719,1.1719,-1.4796
2020-03-09,1.1429,1.1429,-2.4746
2020-03-10,1.1558,1.1558,1.1287
2020-03-11,1.1439,1.1439,-1.0296
2020-03-12,1.1285,1.1285,-1.3463
2020-03-13,1.1114,1.1114,-1.5153
2020-03-16,1.0838,1.0838,-2.4834
2020-03-17,1.0812,1.0812,-0.2399
2020-03-18,1.0636,1.0636,-1.6278
2020-03-19,1.0456,1.0456,-1.6924
2020-03-20,1.0632,1.0632,1.6832
2020-03-23,1.0335,1.0335,-2.7935
2020-03-24,1.0598,1.0598,2.5448
2020-03-25,1.0836,1.0836,2.2457
2020-03-26,1.0762,1.0762,-0.6829
2020-03-27,1.0828,1.0828,0.6133
2020-03-30,1.0756,1.0756,-0.6649
2020-03-31,1.0715,1.0715,-0.3812
2020-04-01,1.0672,1.0672,-0.4013
2020-04-02,1.0775,1.0775,0.9651
2020-04-03,1.0737,1.0737,-0.3527
2020-04-07,1.0899,1.0899,1.5088
2020-04-08,1.0875,1.0875,-0.2202
2020-04-09,1.0901,1.0901,0.2391
2020-04-10,1.0848,1.0848,-0.4862
2020-04-13,1.0857,1.0857,0.083
2020-04-14,1.0954,1.0954,0.8934
2020-04-15,1.0889,1.0889,-0.5934
2020-04-16,1.0874,1.0874,-0.1378
2020-04-17,1.0921,1.0921,0.4322
2020-04-20,1.0961,1.0961,0.3663
2020-04-21,1.088,1.088,-0.739
2020-04-22,1.0888,1.0888,0.0735
2020-04-23,1.0866,1.0866,-0.2021
2020-04-24,1.0805,1.0805,-0.5614
2020-04-27,1.0885,1.0885,0.7404
2020-04-28,1.0886,1.0886,0.0092
2020-04-29,1.1083,1.1083,1.8097
2020-04-30,1.1175,1.1175,0.8301
2020-05-06,1.1145,1.1145,-0.2685
2020-05-07,1.1166,1.1166,0.1884
2020-05-08,1.1236,1.1236,0.6269
2020-05-11,1.1299,1.1299,0.5607
2020-05-12,1.1233,1.1233,-0.5841
2020-05-13,1.1268,1.1268,0.3116
2020-05-14,1.1131,1.1131,-1.2158
2020-05-15,1.1094,1.1094,-0.3324
2020-05-18,1.1149,1.1149,0.4958
2020-05-19,1.1186,1.1186,0.3319
2020-05-20,1.1131,1.1131,-0.4917
2020-05-21,1.1112,1.1112,-0.1707
2020-05-22,1.0916,1.0916,-1.7639
2020-05-25,1.0956,1.0956,0.3664
2020-05-26,1.0987,1.0987,0.2829
2020-05-27,1.1023,1.1023,0.3277
2020-05-28,1.1093,1.1093,0.635
2020-05-29,1.1024,1.1024,-0.622
2020-06-01,1.1223,1.1223,1.8052
2020-06-02,1.1284,1.1284,0.5435
2020-06-03,1.1266,1.1266,-0.1595
2020-06-04,1.1293,1.1293,0.2397
2020-06-05,1.1286,1.1286,-0.062
2020-06-08,1.1349,1.1349,0.5582
2020-06-09,1.1402,1.1402,0.467
2020-06-10,1.1365,1.1365,-0.3245
2020-06-11,1.1265,1.1265,-0.8799
2020-06-12,1.129,1.129,0.2219
2020-06-15,1.1177,1.1177,-1.0009
2020-06-16,1.133,1.133,1.3689
2020-06-17,1.1352,1.1352,0.1942
2020-06-18,1.1415,1.1415,0.555
2020-06-19,1.146,1.146,0.3942
2020-06-22,1.1382,1.1382,-0.6806
2020-06-23,1.1346,1.1346,-0.3163
2020-06-24,1.1402,1.1402,0.4936
2020-06-29,1.1345,1.1345,-0.4999
2020-06-30,1.1454,1.1454,0.9608
2020-07-01,1.1736,1.1736,2.462
2020-07-02,1.2067,1.2067,2.8204
2020-07-03,1.2246,1.2246,1.4834
2020-07-06,1.3015,1.3015,6.2796
2020-07-07,1.2961,1.2961,-0.4149
2020-07-08,1.305,1.305,0.6867
2020-07-09,1.3183,1.3183,1.0192
2020-07-10,1.2923,1.2923,-1.9722
2020-07-13,1.3202,1.3202,2.1589
2020-07-14,1.3149,1.3149,-0.4015
2020-07-15,1.2978,1.2978,-1.3005
2020-07-16,1.2788,1.2788,-1.464
2020-07-17,1.278,1.278,-0.0626
2020-07-20,1.3303,1.3303,4.0923
2020-07-21,1.3267,1.3267,-0.2706
2020-07-22,1.3272,1.3272,0.0377
2020-07-23,1.3157,1.3157,-0.8665
2020-07-24,1.2734,1.2734,-3.215
2020-07-27,1.2679,1.2679,-0.4319
2020-07-28,1.2745,1.2745,0.5205
2020-07-29,1.299,1.299,1.9223
2020-07-30,1.3003,1.3003,0.1001
2020-07-31,1.3163,1.3163,1.2305
2020-08-03,1.3465,1.3465,2.2943
2020-08-04,1.3493,1.3493,0.2079
2020-08-05,1.3421,1.3421,-0.5336
2020-08-06,1.3431,1.3431,0.0745
2020-08-07,1.34,1.34,-0.2308
2020-08-10,1.3526,1.3526,0.9403
2020-08-11,1.3467,1.3467,-0.4362
2020-08-12,1.3437,1.3437,-0.2228
2020-08-13,1.3508,1.3508,0.5284
2020-08-14,1.3611,1.3611,0.7625
2020-08-17,1.3964,1.3964,2.5935
2020-08-18,1.3979,1.3979,0.1074
2020-08-19,1.3888,1.3888,-0.651
2020-08-20,1.3748,1.3748,-1.0081
2020-08-21,1.3775,1.3775,0.1964
2020-08-24,1.3819,1.3819,0.32
2020-08-25,1.3777,1.3777,-0.3
2020-08-26,1.3567,1.3567,-1.52
2020-08-27,1.3576,1.3576,0.07
2020-08-28,1.376,1.376,1.36
2020-08-31,1.3627,1.3627,-0.97
2020-09-01,1.3594,1.3594,-0.24
2020-09-02,1.3542,1.3542,-0.38
2020-09-03,1.3474,1.3474,-0.5
2020-09-04,1.3404,1.3404,-0.52
2020-09-07,1.3237,1.3237,-1.25
2020-09-08,1.3333,1.3333,0.73
2020-09-09,1.3095,1.3095,-1.79
2020-09-10,1.3045,1.3045,-0.38
2020-09-11,1.3077,1.3077,0.25
2020-09-14,1.3085,1.3085,0.06
2020-09-15,1.3126,1.3126,0.31
2020-09-16,1.3183,1.3183,0.43
2020-09-17,1.3179,1.3179,-0.03
2020-09-18,1.3468,1.3468,2.19
2020-09-21,1.3388,1.3388,-0.59
2020-09-22,1.3189,1.3189,-1.49
2020-09-23,1.3179,1.3179,-0.08
2020-09-24,1.2962,1.2962,-1.65
2020-09-25,1.2896,1.2896,-0.51
2020-09-28,1.2944,1.2944,0.37
2020-09-29,1.2953,1.2953,0.07
2020-09-30,1.2867,1.2867,-0.66
2020-10-09,1.309,1.309,1.73
2020-10-12,1.3333,1.3333,1.86
2020-10-13,1.3353,1.3353,0.15
2020-10-14,1.3303,1.3303,-0.37
2020-10-15,1.3288,1.3288,-0.11
2020-10-16,1.3395,1.3395,0.81
2020-10-19,1.3324,1.3324,-0.53
2020-10-20,1.3301,1.3301,-0.17
2020-10-21,1.3312,1.3312,0.08
2020-10-22,1.3247,1.3247,-0.49
2020-10-23,1.3201,1.3201,-0.35
2020-10-26,1.3166,1.3166,-0.27
2020-10-27,1.3148,1.3148,-0.14
2020-10-28,1.3094,1.3094,-0.41
2020-10-29,1.319,1.319,0.73
2020-10-30,1.3018,1.3018,-1.3
2020-11-02,1.3134,1.3134,0.89
2020-11-03,1.3289,1.3289,1.18
2020-11-04,1.3361,1.3361,0.54
2020-11-05,1.3532,1.3532,1.28
2020-11-06,1.3602,1.3602,0.52
2020-11-09,1.3833,1.3833,1.7
2020-11-10,1.3771,1.3771,-0.45
2020-11-11,1.3842,1.3842,0.52
2020-11-12,1.3904,1.3904,0.45
2020-11-13,1.3771,1.3771,-0.96
2020-11-16,1.4104,1.4104,2.42
2020-11-17,1.4144,1.4144,0.28
2020-11-18,1.4221,1.4221,0.54
2020-11-19,1.4129,1.4129,-0.65
2020-11-20,1.4185,1.4185,0.4
2020-11-23,1.4406,1.4406,1.56
2020-11-24,1.4329,1.4329,-0.53
2020-11-25,1.4119,1.4119,-1.47
2020-11-26,1.4135,1.4135,0.11
2020-11-27,1.424,1.424,0.74
2020-11-30,1.412,1.412,-0.84
2020-12-01,1.4276,1.4276,1.1
2020-12-02,1.4289,1.4289,0.09
2020-12-03,1.4131,1.4131,-1.11
2020-12-04,1.4093,1.4093,-0.27
2020-12-07,1.3902,1.3902,-1.36
2020-12-08,1.3883,1.3883,-0.14
2020-12-09,1.3697,1.3697,-1.34
2020-12-10,1.3687,1.3687,-0.07
2020-12-11,1.3634,1.3634,-0.39
2020-12-14,1.3547,1.3547,-0.64
2020-12-15,1.3512,1.3512,-0.26
2020-12-16,1.3454,1.3454,-0.43
2020-12-17,1.3538,1.3538,0.62
2020-12-18,1.3626,1.3626,0.65
2020-12-21,1.3608,1.3608,-0.13
2020-12-22,1.3307,1.3307,-2.21
2020-12-23,1.3306,1.3306,-0.01
2020-12-24,1.3212,1.3212,-0.71
2020-12-25,1.3297,1.3297,0.64
2020-12-28,1.3253,1.3253,-0.33
2020-12-29,1.3197,1.3197,-0.42
2020-12-30,1.3237,1.3237,0.3
2020-12-31,1.3305,1.3305,0.51
2021-01-04,1.3216,1.3216,-0.67
2021-01-05,1.3208,1.3208,-0.06
2021-01-06,1.3324,1.3324,0.88
2021-01-07,1.3329,1.3329,0.04
2021-01-08,1.3368,1.3368,0.29
2021-01-11,1.3244,1.3244,-0.93
2021-01-12,1.3251,1.3251,0.05
2021-01-13,1.3235,1.3235,-0.12
2021-01-14,1.3214,1.3214,-0.16
2021-01-15,1.3291,1.3291,0.58
2021-01-18,1.3385,1.3385,0.71
2021-01-19,1.3516,1.3516,0.98
2021-01-20,1.3385,1.3385,-0.97
2021-01-21,1.3385,1.3385,0
2021-01-22,1.3161,1.3161,-1.67
2021-01-25,1.3013,1.3013,-1.12
2021-01-26,1.2979,1.2979,-0.26
2021-01-27,1.3016,1.3016,0.29
2021-01-28,1.2875,1.2875,-1.08
2021-01-29,1.2866,1.2866,-0.07
2021-02-01,1.2989,1.2989,0.96
2021-02-02,1.2936,1.2936,-0.41
2021-02-03,1.2887,1.2887,-0.38
2021-02-04,1.2856,1.2856,-0.24
2021-02-05,1.3052,1.3052,1.52
2021-02-08,1.3059,1.3059,0.05
2021-02-09,1.3115,1.3115,0.43
2021-02-10,1.3174,1.3174,0.45
2021-02-18,1.3446,1.3446,2.06
2021-02-19,1.3672,1.3672,1.68
2021-02-22,1.3787,1.3787,0.84
2021-02-23,1.3671,1.3671,-0.84
2021-02-24,1.3648,1.3648,-0.17
2021-02-25,1.3957,1.3957,2.26
2021-02-26,1.3682,1.3682,-1.97
2021-03-01,1.3884,1.3884,1.48
2021-03-02,1.379,1.379,-0.68
2021-03-03,1.4101,1.4101,2.26
2021-03-04,1.412,1.412,0.13
2021-03-05,1.3921,1.3921,-1.41
2021-03-08,1.385,1.385,-0.51
2021-03-09,1.3708,1.3708,-1.03
2021-03-10,1.3613,1.3613,-0.69
2021-03-11,1.3954,1.3954,2.5
2021-03-12,1.4227,1.4227,1.96
2021-03-15,1.4317,1.4317,0.63
2021-03-16,1.4365,1.4365,0.34
2021-03-17,1.4275,1.4275,-0.63
2021-03-18,1.4301,1.4301,0.18
2021-03-19,1.4126,1.4126,-1.22
2021-03-22,1.4283,1.4283,1.11
2021-03-23,1.4109,1.4109,-1.22
2021-03-24,1.3933,1.3933,-1.25
2021-03-25,1.3899,1.3899,-0.24
2021-03-26,1.401,1.401,0.8
2021-03-29,1.4263,1.4263,1.81
2021-03-30,1.4221,1.4221,-0.29
2021-03-31,1.4219,1.4219,-0.01
2021-04-01,1.4294,1.4294,0.53
2021-04-02,1.416,1.416,-0.94
2021-04-06,1.4159,1.4159,-0.01
2021-04-07,1.4302,1.4302,1.01
2021-04-08,1.4273,1.4273,-0.2
2021-04-09,1.4241,1.4241,-0.22
2021-04-12,1.4277,1.4277,0.25
2021-04-13,1.4179,1.4179,-0.69
2021-04-14,1.4243,1.4243,0.45
2021-04-15,1.4248,1.4248,0.04
2021-04-16,1.4452,1.4452,1.43
2021-04-19,1.4413,1.4413,-0.27
2021-04-20,1.4386,1.4386,-0.19
2021-04-21,1.4425,1.4425,0.27
2021-04-22,1.4428,1.4428,0.02
2021-04-23,1.4329,1.4329,-0.69
2021-04-26,1.4269,1.4269,-0.42
2021-04-27,1.4221,1.4221,-0.34
2021-04-28,1.4336,1.4336,0.81
2021-04-29,1.4484,1.4484,1.03
2021-04-30,1.4369,1.4369,-0.79
2021-05-06,1.4561,1.4561,1.34
2021-05-07,1.4639,1.4639,0.54
2021-05-10,1.4759,1.4759,0.82
2021-05-11,1.4676,1.4676,-0.56
2021-05-12,1.4823,1.4823,1
2021-05-13,1.4752,1.4752,-0.48
2021-05-14,1.4784,1.4784,0.22
2021-05-17,1.4859,1.4859,0.51
2021-05-18,1.4925,1.4925,0.44
2021-05-19,1.4873,1.4873,-0.35
2021-05-20,1.4672,1.4672,-1.35
2021-05-21,1.4717,1.4717,0.31
2021-05-24,1.4806,1.4806,0.6
2021-05-25,1.5041,1.5041,1.59
2021-05-26,1.5117,1.5117,0.51
2021-05-27,1.5193,1.5193,0.5
2021-05-28,1.5285,1.5285,0.61
2021-05-31,1.5396,1.5396,0.73
2021-06-01,1.5385,1.5385,-0.07
2021-06-02,1.5398,1.5398,0.08
2021-06-03,1.5363,1.5363,-0.23
2021-06-04,1.5326,1.5326,-0.24
2021-06-07,1.5179,1.5179,-0.96
2021-06-08,1.5203,1.5203,0.16
2021-06-09,1.5241,1.5241,0.25
2021-06-10,1.5245,1.5245,0.03
2021-06-11,1.5202,1.5202,-0.28
2021-06-15,1.506,1.506,-0.93
2021-06-16,1.5023,1.5023,-0.25
2021-06-17,1.5009,1.5009,-0.09
2021-06-18,1.4935,1.4935,-0.49
2021-06-21,1.4923,1.4923,-0.08
2021-06-22,1.4978,1.4978,0.37
2021-06-23,1.5156,1.5156,1.19
2021-06-24,1.515,1.515,-0.04
2021-06-25,1.5228,1.5228,0.51
2021-06-28,1.4972,1.4972,-1.68
2021-06-29,1.4931,1.4931,-0.27
2021-06-30,1.5007,1.5007,0.51
2021-07-01,1.5112,1.5112,0.7
2021-07-02,1.4957,1.4957,-1.03
2021-07-05,1.4915,1.4915,-0.28
2021-07-06,1.497,1.497,0.37
2021-07-07,1.4935,1.4935,-0.23
2021-07-08,1.4669,1.4669,-1.78
2021-07-09,1.4813,1.4813,0.98
2021-07-12,1.4724,1.4724,-0.6
2021-07-13,1.4812,1.4812,0.6
2021-07-14,1.4819,1.4819,0.05
2021-07-15,1.4911,1.4911,0.62
2021-07-16,1.4987,1.4987,0.51
2021-07-19,1.5011,1.5011,0.16
2021-07-20,1.4974,1.4974,-0.25
2021-07-21,1.4869,1.4869,-0.7
2021-07-22,1.5018,1.5018,1
2021-07-23,1.494,1.494,-0.52
2021-07-26,1.4624,1.4624,-2.12
2021-07-27,1.4195,1.4195,-2.93
2021-07-28,1.4174,1.4174,-0.15
2021-07-29,1.4198,1.4198,0.17
2021-07-30,1.4225,1.4225,0.19
2021-08-02,1.4172,1.4172,-0.37
2021-08-03,1.4063,1.4063,-0.77
2021-08-04,1.4186,1.4186,0.87
2021-08-05,1.417,1.417,-0.11
2021-08-06,1.4265,1.4265,0.67
2021-08-09,1.4465,1.4465,1.4
2021-08-10,1.4519,1.4519,0.37
2021-08-11,1.484,1.484,2.21
2021-08-12,1.5011,1.5011,1.15
2021-08-13,1.5,1.5,-0.07
2021-08-16,1.5116,1.5116,0.77
2021-08-17,1.4905,1.4905,-1.4
2021-08-18,1.4974,1.4974,0.46
2021-08-19,1.4813,1.4813,-1.08
2021-08-20,1.4838,1.4838,0.17
2021-08-23,1.4962,1.4962,0.84
2021-08-24,1.5042,1.5042,0.53
2021-08-25,1.5133,1.5133,0.6
2021-08-26,1.5255,1.5255,0.81
2021-08-27,1.5416,1.5416,1.06
2021-08-30,1.5472,1.5472,0.36
2021-08-31,1.5861,1.5861,2.51
2021-09-01,1.5875,1.5875,0.09
2021-09-02,1.6166,1.6166,1.83
2021-09-03,1.6097,1.6097,-0.43
2021-09-06,1.6269,1.6269,1.07
2021-09-07,1.661,1.661,2.1
2021-09-08,1.6895,1.6895,1.72
2021-09-09,1.7332,1.7332,2.59
2021-09-10,1.7215,1.7215,-0.68
2021-09-13,1.7713,1.7713,2.89
2021-09-14,1.7386,1.7386,-1.85
2021-09-15,1.7323,1.7323,-0.36
2021-09-16,1.7219,1.7219,-0.6
2021-09-17,1.6879,1.6879,-1.97
2021-09-22,1.7359,1.7359,2.84
2021-09-23,1.7316,1.7316,-0.25
2021-09-24,1.6758,1.6758,-3.22
2021-09-27,1.6356,1.6356,-2.4
2021-09-28,1.6816,1.6816,2.81
2021-09-29,1.6348,1.6348,-2.78
2021-09-30,1.6565,1.6565,1.33
2021-10-08,1.6428,1.6428,-0.83
2021-10-11,1.6577,1.6577,0.91
2021-10-12,1.6482,1.6482,-0.57
2021-10-13,1.6206,1.6206,-1.67
2021-10-14,1.6041,1.6041,-1.02
2021-10-15,1.6143,1.6143,0.64
2021-10-18,1.6465,1.6465,1.99
2021-10-19,1.6467,1.6467,0.01
2021-10-20,1.6154,1.6154,-1.9
2021-10-21,1.6357,1.6357,1.26
2021-10-22,0.8002,1.6004,-2.16
2021-10-25,0.802,1.604,0.22
2021-10-26,0.7966,1.5932,-0.67
2021-10-27,0.7811,1.5622,-1.95
2021-10-28,0.7591,1.5182,-2.82
2021-10-29,0.7558,1.5116,-0.43
2021-11-01,0.7641,1.5282,1.1
2021-11-02,0.7446,1.4892,-2.55
2021-11-03,0.7594,1.5188,1.99
2021-11-04,0.7576,1.5152,-0.24
2021-11-05,0.7411,1.4822,-2.18
2021-11-08,0.7437,1.4874,0.35
2021-11-09,0.7411,1.4822,-0.35
2021-11-10,0.7393,1.4786,-0.24
2021-11-11,0.7563,1.5126,2.3
2021-11-12,0.7507,1.5014,-0.74
2021-11-15,0.7491,1.4982,-0.21
2021-11-16,0.7431,1.4862,-0.8
2021-11-17,0.7417,1.4834,-0.19
2021-11-18,0.7414,1.4828,-0.04
2021-11-19,0.7523,1.5046,1.47
2021-11-22,0.7509,1.5018,-0.19
2021-11-23,0.7589,1.5178,1.07
2021-11-24,0.7685,1.537,1.26
2021-11-25,0.7667,1.5334,-0.23
2021-11-26,0.7567,1.5134,-1.3
2021-11-29,0.7497,1.4994,-0.93
2021-11-30,0.7481,1.4962,-0.21
2021-12-01,0.76,1.52,1.59
2021-12-02,0.7629,1.5258,0.38
2021-12-03,0.7753,1.5506,1.63
2021-12-06,0.7723,1.5446,-0.39
2021-12-07,0.7842,1.5684,1.54
2021-12-08,0.7843,1.5686,0.01
2021-12-09,0.7876,1.5752,0.42
2021-12-10,0.7773,1.5546,-1.31
2021-12-13,0.7762,1.5524,-0.14
2021-12-14,0.7678,1.5356,-1.08
2021-12-15,0.7745,1.549,0.87
2021-12-16,0.7877,1.5754,1.7
2021-12-17,0.7878,1.5756,0.01
2021-12-20,0.7846,1.5692,-0.41
2021-12-21,0.7983,1.5966,1.75
2021-12-22,0.7959,1.5918,-0.3
2021-12-23,0.7991,1.5982,0.4
2021-12-24,0.7936,1.5872,-0.69
2021-12-27,0.7973,1.5946,0.47
2021-12-28,0.7907,1.5814,-0.83
2021-12-29,0.7869,1.5738,-0.48
2021-12-30,0.7896,1.5792,0.34
2021-12-31,0.7954,1.5908,0.73
2022-01-04,0.8079,1.6158,1.57
2022-01-05,0.8121,1.6242,0.52
2022-01-06,0.8162,1.6324,0.5
2022-01-07,0.8248,1.6496,1.05
2022-01-10,0.8306,1.6612,0.7
2022-01-11,0.8317,1.6634,0.13
2022-01-12,0.8274,1.6548,-0.52
2022-01-13,0.8233,1.6466,-0.5
2022-01-14,0.8086,1.6172,-1.79
2022-01-17,0.8116,1.6232,0.37
2022-01-18,0.8215,1.643,1.22
2022-01-19,0.8305,1.661,1.1
2022-01-20,0.8285,1.657,-0.24
2022-01-21,0.821,1.642,-0.91
2022-01-24,0.8224,1.6448,0.17
2022-01-25,0.799,1.598,-2.85
2022-01-26,0.8054,1.6108,0.8
2022-01-27,0.7978,1.5956,-0.94
2022-01-28,0.7894,1.5788,-1.05
2022-02-07,0.8118,1.6236,2.84
2022-02-08,0.8296,1.6592,2.19
2022-02-09,0.8338,1.6676,0.51
2022-02-10,0.8455,1.691,1.4
2022-02-11,0.8479,1.6958,0.28
2022-02-14,0.8311,1.6622,-1.98
2022-02-15,0.8243,1.6486,-0.82
2022-02-16,0.8336,1.6672,1.13
2022-02-17,0.8301,1.6602,-0.42
2022-02-18,0.8479,1.6958,2.14
2022-02-21,0.8501,1.7002,0.26
2022-02-22,0.8422,1.6844,-0.93
2022-02-23,0.834,1.668,-0.97
2022-02-24,0.8182,1.6364,-1.89
2022-02-25,0.8172,1.6344,-0.12
2022-02-28,0.8176,1.6352,0.05
2022-03-01,0.8258,1.6516,1
2022-03-02,0.8328,1.6656,0.85
2022-03-03,0.8448,1.6896,1.44
2022-03-04,0.8381,1.6762,-0.79
2022-03-07,0.8306,1.6612,-0.89
2022-03-08,0.8041,1.6082,-3.19
2022-03-09,0.7961,1.5922,-0.99
2022-03-10,0.803,1.606,0.87
2022-03-11,0.8072,1.6144,0.52
2022-03-14,0.7915,1.583,-1.94
2022-03-15,0.746,1.492,-5.75
2022-03-16,0.7642,1.5284,2.44
2022-03-17,0.7738,1.5476,1.26
2022-03-18,0.7943,1.5886,2.65
2022-03-21,0.791,1.582,-0.42
2022-03-22,0.8064,1.6128,1.95
2022-03-23,0.8064,1.6128,0
2022-03-24,0.8016,1.6032,-0.6
2022-03-25,0.8033,1.6066,0.21
2022-03-28,0.8202,1.6404,2.1
2022-03-29,0.8172,1.6344,-0.37
2022-03-30,0.8303,1.6606,1.6
2022-03-31,0.8396,1.6792,1.12
2022-04-01,0.8545,1.709,1.77
2022-04-06,0.8694,1.7388,1.74
2022-04-07,0.8543,1.7086,-1.74
2022-04-08,0.8652,1.7304,1.28
2022-04-11,0.8514,1.7028,-1.6
2022-04-12,0.8513,1.7026,-0.01
2022-04-13,0.8453,1.6906,-0.7
2022-04-14,0.8613,1.7226,1.89
2022-04-15,0.8571,1.7142,-0.49
2022-04-18,0.8444,1.6888,-1.48
2022-04-19,0.8546,1.7092,1.21
2022-04-20,0.8327,1.6654,-2.56
2022-04-21,0.8178,1.6356,-1.79
2022-04-22,0.8329,1.6658,1.85
2022-04-25,0.7999,1.5998,-3.96
2022-04-26,0.7938,1.5876,-0.76
2022-04-27,0.7998,1.5996,0.76
2022-04-28,0.817,1.634,2.15
2022-04-29,0.8311,1.6622,1.73
2022-05-05,0.8325,1.665,0.17
2022-05-06,0.8081,1.6162,-2.93
2022-05-09,0.8129,1.6258,0.59
2022-05-10,0.8208,1.6416,0.97
2022-05-11,0.8198,1.6396,-0.12
2022-05-12,0.8202,1.6404,0.05
2022-05-13,0.8397,1.6794,2.38
2022-05-16,0.8435,1.687,0.45
2022-05-17,0.8365,1.673,-0.83
2022-05-18,0.8313,1.6626,-0.62
2022-05-19,0.8372,1.6744,0.71
2022-05-20,0.841,1.682,0.45
2022-05-23,0.837,1.674,-0.48
2022-05-24,0.8187,1.6374,-2.19
2022-05-25,0.8324,1.6648,1.67
2022-05-26,0.8421,1.6842,1.17
2022-05-27,0.8464,1.6928,0.51
2022-05-30,0.8464,1.6928,0
2022-05-31,0.8444,1.6888,-0.24
2022-06-01,0.8465,1.693,0.25
2022-06-02,0.8379,1.6758,-1.02
2022-06-06,0.8376,1.6752,-0.04
2022-06-07,0.8384,1.6768,0.1
2022-06-08,0.8459,1.6918,0.89
2022-06-09,0.8475,1.695,0.19
2022-06-10,0.8504,1.7008,0.34
2022-06-13,0.8344,1.6688,-1.88
2022-06-14,0.8458,1.6916,1.37
2022-06-15,0.8491,1.6982,0.39
2022-06-16,0.8375,1.675,-1.37
2022-06-17,0.835,1.67,-0.3
2022-06-20,0.8321,1.6642,-0.35
2022-06-21,0.8368,1.6736,0.56
2022-06-22,0.8233,1.6466,-1.61
2022-06-23,0.8303,1.6606,0.85
2022-06-24,0.8272,1.6544,-0.37
2022-06-27,0.8356,1.6712,1.02
2022-06-28,0.8395,1.679,0.47
2022-06-29,0.8469,1.6938,0.88
2022-06-30,0.8489,1.6978,0.24
2022-07-01,0.8497,1.6994,0.09
2022-07-04,0.8474,1.6948,-0.27
2022-07-05,0.8501,1.7002,0.32
2022-07-06,0.8317,1.6634,-2.16
2022-07-07,0.8324,1.6648,0.08
2022-07-08,0.8334,1.6668,0.12
2022-07-11,0.8299,1.6598,-0.42
2022-07-12,0.8377,1.6754,0.94
2022-07-13,0.8352,1.6704,-0.3
2022-07-14,0.8226,1.6452,-1.51
2022-07-15,0.8089,1.6178,-1.67
2022-07-18,0.8266,1.6532,2.19
2022-07-19,0.8296,1.6592,0.36
2022-07-20,0.8306,1.6612,0.12
2022-07-21,0.8153,1.6306,-1.84
2022-07-22,0.8149,1.6298,-0.05
2022-07-25,0.8153,1.6306,0.05
2022-07-26,0.827,1.654,1.44
2022-07-27,0.8238,1.6476,-0.39
2022-07-28,0.8265,1.653,0.33
2022-07-29,0.8182,1.6364,-1
2022-08-01,0.8188,1.6376,0.07
2022-08-02,0.7993,1.5986,-2.38
2022-08-03,0.789,1.578,-1.29
2022-08-04,0.7951,1.5902,0.77
2022-08-05,0.7998,1.5996,0.59
2022-08-08,0.8075,1.615,0.96
2022-08-09,0.8099,1.6198,0.3
2022-08-10,0.8076,1.6152,-0.28
2022-08-11,0.8175,1.635,1.23
2022-08-12,0.8234,1.6468,0.72
2022-08-15,0.8232,1.6464,-0.02
2022-08-16,0.8247,1.6494,0.18
2022-08-17,0.8284,1.6568,0.45
2022-08-18,0.8212,1.6424,-0.87
2022-08-19,0.8291,1.6582,0.96
2022-08-22,0.8359,1.6718,0.82
2022-08-23,0.8362,1.6724,0.04
2022-08-24,0.8277,1.6554,-1.02
2022-08-25,0.8477,1.6954,2.42
2022-08-26,0.8455,1.691,-0.26
2022-08-29,0.8513,1.7026,0.69
2022-08-30,0.8525,1.705,0.14
2022-08-31,0.8478,1.6956,-0.55
2022-09-01,0.8572,1.7144,1.11
2022-09-02,0.8555,1.711,-0.2
2022-09-05,0.8718,1.7436,1.91
2022-09-06,0.8814,1.7628,1.1
2022-09-07,0.8822,1.7644,0.09
2022-09-08,0.8831,1.7662,0.1
2022-09-09,0.8938,1.7876,1.21
2022-09-13,0.8886,1.7772,-0.58
2022-09-14,0.8821,1.7642,-0.73
2022-09-15,0.8863,1.7726,0.48
2022-09-16,0.8599,1.7198,-2.98
2022-09-19,0.8602,1.7204,0.03
2022-09-20,0.8559,1.7118,-0.5
2022-09-21,0.8629,1.7258,0.82
2022-09-22,0.8593,1.7186,-0.42
2022-09-23,0.8518,1.7036,-0.87
2022-09-26,0.8367,1.6734,-1.77
2022-09-27,0.8458,1.6916,1.09
2022-09-28,0.8383,1.6766,-0.89
2022-09-29,0.8315,1.663,-0.81
2022-09-30,0.835,1.67,0.42
2022-10-10,0.8385,1.677,0.42
2022-10-11,0.8375,1.675,-0.12
2022-10-12,0.8482,1.6964,1.28
2022-10-13,0.8403,1.6806,-0.93
2022-10-14,0.8462,1.6924,0.7
2022-10-17,0.843,1.686,-0.38
2022-10-18,0.8405,1.681,-0.3
2022-10-19,0.8365,1.673,-0.48
2022-10-20,0.83,1.66,-0.78
2022-10-21,0.8329,1.6658,0.35
2022-10-24,0.8141,1.6282,-2.26
2022-10-25,0.8096,1.6192,-0.55
2022-10-26,0.8037,1.6074,-0.73
2022-10-27,0.8075,1.615,0.47
2022-10-28,0.7938,1.5876,-1.7
2022-10-31,0.7743,1.5486,-2.46
2022-11-01,0.7816,1.5632,0.94
2022-11-02,0.7918,1.5836,1.31
2022-11-03,0.7854,1.5708,-0.81
2022-11-04,0.7986,1.5972,1.68
2022-11-07,0.8024,1.6048,0.48
2022-11-08,0.8024,1.6048,0
2022-11-09,0.8015,1.603,-0.11
2022-11-10,0.8031,1.6062,0.2
2022-11-11,0.8237,1.6474,2.57
2022-11-14,0.8211,1.6422,-0.32
2022-11-15,0.8251,1.6502,0.49
2022-11-16,0.8227,1.6454,-0.29
2022-11-17,0.8198,1.6396,-0.35
2022-11-18,0.8153,1.6306,-0.55
2022-11-21,0.8121,1.6242,-0.39
2022-11-22,0.8208,1.6416,1.07
2022-11-23,0.8262,1.6524,0.66
2022-11-24,0.8299,1.6598,0.45
2022-11-25,0.8458,1.6916,1.92
2022-11-28,0.8412,1.6824,-0.54
2022-11-29,0.8658,1.7316,2.92
2022-11-30,0.8643,1.7286,-0.17
2022-12-01,0.8586,1.7172,-0.66
2022-12-02,0.8521,1.7042,-0.76
2022-12-05,0.8663,1.7326,1.67
2022-12-06,0.8625,1.725,-0.44
2022-12-07,0.8575,1.715,-0.58
2022-12-08,0.8604,1.7208,0.34
2022-12-09,0.8516,1.7032,-1.02
2022-12-12,0.8383,1.6766,-1.56
2022-12-13,0.8426,1.6852,0.51
2022-12-14,0.8394,1.6788,-0.38
2022-12-15,0.8305,1.661,-1.06
2022-12-16,0.8393,1.6786,1.06
2022-12-19,0.8244,1.6488,-1.78
2022-12-20,0.8164,1.6328,-0.97
2022-12-21,0.8162,1.6324,-0.02
2022-12-22,0.8115,1.623,-0.58
2022-12-23,0.8086,1.6172,-0.36
2022-12-26,0.8074,1.6148,-0.15
2022-12-27,0.817,1.634,1.19
2022-12-28,0.8176,1.6352,0.07
2022-12-29,0.8115,1.623,-0.75
2022-12-30,0.8171,1.6342,0.69
2022-12-31,0.817,1.634,-0.01
2023-01-03,0.8217,1.6434,0.56
2023-01-04,0.8275,1.655,0.71
2023-01-05,0.8272,1.6544,-0.04
2023-01-06,0.8263,1.6526,-0.11
2023-01-09,0.8259,1.6518,-0.05
2023-01-10,0.8202,1.6404,-0.69
2023-01-11,0.8233,1.6466,0.38
2023-01-12,0.8221,1.6442,-0.15
2023-01-13,0.8298,1.6596,0.94
2023-01-16,0.8325,1.665,0.33
2023-01-17,0.8308,1.6616,-0.2
2023-01-18,0.8339,1.6678,0.37
2023-01-19,0.8366,1.6732,0.32
2023-01-20,0.8439,1.6878,0.87
2023-01-30,0.8433,1.6866,-0.07
2023-01-31,0.8449,1.6898,0.19
2023-02-01,0.8491,1.6982,0.5
2023-02-02,0.8496,1.6992,0.06
2023-02-03,0.843,1.686,-0.78
2023-02-06,0.8412,1.6824,-0.21
2023-02-07,0.8446,1.6892,0.4
2023-02-08,0.8395,1.679,-0.6
2023-02-09,0.8466,1.6932,0.85
2023-02-10,0.8491,1.6982,0.3
2023-02-13,0.8521,1.7042,0.35
2023-02-14,0.8567,1.7134,0.54
2023-02-15,0.8543,1.7086,-0.28
2023-02-16,0.8501,1.7002,-0.49
2023-02-17,0.8473,1.6946,-0.33
2023-02-20,0.8673,1.7346,2.36
2023-02-21,0.8757,1.7514,0.97
2023-02-22,0.8759,1.7518,0.02
2023-02-23,0.876,1.752,0.01
2023-02-24,0.8739,1.7478,-0.24
2023-02-27,0.8699,1.7398,-0.46
2023-02-28,0.8748,1.7496,0.56
2023-03-01,0.8812,1.7624,0.73
2023-03-02,0.8865,1.773,0.6
2023-03-03,0.8945,1.789,0.9
2023-03-06,0.8931,1.7862,-0.16
2023-03-07,0.89,1.78,-0.35
2023-03-08,0.8899,1.7798,-0.01
2023-03-09,0.8877,1.7754,-0.25
2023-03-10,0.8722,1.7444,-1.75
2023-03-13,0.8841,1.7682,1.36
2023-03-14,0.8788,1.7576,-0.6
2023-03-15,0.894,1.788,1.73
2023-03-16,0.8856,1.7712,-0.94
2023-03-17,0.8967,1.7934,1.25
2023-03-20,0.8939,1.7878,-0.31
2023-03-21,0.8904,1.7808,-0.39
2023-03-22,0.8961,1.7922,0.64
2023-03-23,0.8968,1.7936,0.08
2023-03-24,0.8902,1.7804,-0.74
2023-03-27,0.8827,1.7654,-0.84
2023-03-28,0.8852,1.7704,0.28
2023-03-29,0.8805,1.761,-0.53
2023-03-30,0.8853,1.7706,0.55
2023-03-31,0.8881,1.7762,0.32
2023-04-03,0.8959,1.7918,0.88
2023-04-04,0.9013,1.8026,0.6
2023-04-06,0.8937,1.7874,-0.84
2023-04-07,0.893,1.786,-0.08
2023-04-10,0.895,1.79,0.22
2023-04-11,0.9046,1.8092,1.07
2023-04-12,0.9185,1.837,1.54
2023-04-13,0.9201,1.8402,0.17
2023-04-14,0.9169,1.8338,-0.35
2023-04-17,0.9297,1.8594,1.4
2023-04-18,0.9311,1.8622,0.15
2023-04-19,0.9323,1.8646,0.13
2023-04-20,0.9398,1.8796,0.8
2023-04-21,0.9261,1.8522,-1.46
2023-04-24,0.9277,1.8554,0.17
2023-04-25,0.9346,1.8692,0.74
2023-04-26,0.9353,1.8706,0.07
2023-04-27,0.9384,1.8768,0.33
2023-04-28,0.9546,1.9092,1.73
2023-05-04,0.9799,1.9598,2.65
2023-05-05,0.9823,1.9646,0.24
2023-05-08,1.0106,2.0212,2.88
2023-05-09,0.9995,1.999,-1.1
2023-05-10,0.9752,1.9504,-2.43
2023-05-11,0.9721,1.9442,-0.32
2023-05-12,0.9621,1.9242,-1.03
2023-05-15,0.9586,1.9172,-0.36
2023-05-16,0.9489,1.8978,-1.01
2023-05-17,0.946,1.892,-0.31
2023-05-18,0.9556,1.9112,1.01
2023-05-19,0.9406,1.8812,-1.57
2023-05-22,0.9393,1.8786,-0.14
2023-05-23,0.9255,1.851,-1.47
2023-05-24,0.9128,1.8256,-1.37
2023-05-25,0.9078,1.8156,-0.55
2023-05-26,0.9206,1.8412,1.41
2023-05-29,0.9255,1.851,0.53
2023-05-30,0.9291,1.8582,0.39
2023-05-31,0.9225,1.845,-0.71
2023-06-01,0.9267,1.8534,0.46
2023-06-02,0.9277,1.8554,0.11
2023-06-05,0.9378,1.8756,1.09
2023-06-06,0.9311,1.8622,-0.71
2023-06-07,0.9397,1.8794,0.92
2023-06-08,0.9465,1.893,0.72
2023-06-09,0.9472,1.8944,0.07
2023-06-12,0.94,1.88,-0.76
2023-06-13,0.9391,1.8782,-0.1
2023-06-14,0.9332,1.8664,-0.63
2023-06-15,0.9346,1.8692,0.15
2023-06-16,0.9325,1.865,-0.22
2023-06-19,0.9192,1.8384,-1.43
2023-06-20,0.9104,1.8208,-0.96
2023-06-21,0.9029,1.8058,-0.82
2023-06-26,0.8869,1.7738,-1.77
2023-06-27,0.9045,1.809,1.98
2023-06-28,0.9087,1.8174,0.46
2023-06-29,0.9064,1.8128,-0.25
2023-06-30,0.9104,1.8208,0.44
2023-07-03,0.9229,1.8458,1.37
2023-07-04,0.9191,1.8382,-0.41
2023-07-05,0.9175,1.835,-0.17
2023-07-06,0.9156,1.8312,-0.21
2023-07-07,0.9178,1.8356,0.24
2023-07-10,0.921,1.842,0.35
2023-07-11,0.923,1.846,0.22
2023-07-12,0.9198,1.8396,-0.35
2023-07-13,0.9335,1.867,1.49
2023-07-14,0.9357,1.8714,0.24
2023-07-17,0.9292,1.8584,-0.69
2023-07-18,0.9276,1.8552,-0.17
2023-07-19,0.9348,1.8696,0.78
2023-07-20,0.9295,1.859,-0.57
2023-07-21,0.9289,1.8578,-0.06
2023-07-24,0.9296,1.8592,0.08
2023-07-25,0.9469,1.8938,1.86
2023-07-26,0.945,1.89,-0.2
2023-07-27,0.9468,1.8936,0.19
2023-07-28,0.9615,1.923,1.55
2023-07-31,0.9699,1.9398,0.87
2023-08-01,0.9721,1.9442,0.23
2023-08-02,0.9592,1.9184,-1.33
2023-08-03,0.9606,1.9212,0.15
2023-08-04,0.9623,1.9246,0.18
2023-08-07,0.9561,1.9122,-0.64
2023-08-08,0.9556,1.9112,-0.05
2023-08-09,0.9493,1.8986,-0.66
2023-08-10,0.9509,1.9018,0.17
2023-08-11,0.9362,1.8724,-1.55
2023-08-14,0.9366,1.8732,0.04
2023-08-15,0.9416,1.8832,0.53
2023-08-16,0.9383,1.8766,-0.35
2023-08-17,0.9374,1.8748,-0.1
2023-08-18,0.9335,1.867,-0.42
2023-08-21,0.9276,1.8552,-0.63
2023-08-22,0.9394,1.8788,1.27
2023-08-23,0.9383,1.8766,-0.12
2023-08-24,0.9329,1.8658,-0.58
2023-08-25,0.933,1.866,0.01
2023-08-28,0.9456,1.8912,1.35
2023-08-29,0.9448,1.8896,-0.08
2023-08-30,0.937,1.874,-0.83
2023-08-31,0.9302,1.8604,-0.73
2023-09-01,0.9371,1.8742,0.74
2023-09-04,0.9555,1.911,1.96
2023-09-05,0.9453,1.8906,-1.07
2023-09-06,0.9435,1.887,-0.19
2023-09-07,0.9404,1.8808,-0.33
2023-09-08,0.9346,1.8692,-0.62
2023-09-11,0.9425,1.885,0.85
2023-09-12,0.9407,1.8814,-0.19
2023-09-13,0.9432,1.8864,0.27
2023-09-14,0.9507,1.9014,0.8
2023-09-15,0.9507,1.9014,0
2023-09-18,0.9497,1.8994,-0.11
2023-09-19,0.9559,1.9118,0.65
2023-09-20,0.959,1.918,0.32
2023-09-21,0.9514,1.9028,-0.79
2023-09-22,0.9586,1.9172,0.76
2023-09-25,0.9565,1.913,-0.22
2023-09-26,0.9544,1.9088,-0.22
2023-09-27,0.9518,1.9036,-0.27
2023-09-28,0.9513,1.9026,-0.05
2023-10-09,0.9477,1.8954,-0.38
2023-10-10,0.9379,1.8758,-1.03
2023-10-11,0.9356,1.8712,-0.25
2023-10-12,0.9474,1.8948,1.26
2023-10-13,0.9457,1.8914,-0.18
2023-10-16,0.9504,1.9008,0.5
2023-10-17,0.9551,1.9102,0.49
2023-10-18,0.9502,1.9004,-0.51
2023-10-19,0.9322,1.8644,-1.89
2023-10-20,0.9262,1.8524,-0.64
2023-10-23,0.9127,1.8254,-1.46
2023-10-24,0.9199,1.8398,0.79
2023-10-25,0.9294,1.8588,1.03
2023-10-26,0.9338,1.8676,0.47
2023-10-27,0.9364,1.8728,0.28
2023-10-30,0.9204,1.8408,-1.71
2023-10-31,0.9216,1.8432,0.13
2023-11-01,0.9218,1.8436,0.02
2023-11-02,0.9244,1.8488,0.28
2023-11-03,0.9196,1.8392,-0.52
2023-11-06,0.9183,1.8366,-0.14
2023-11-07,0.9186,1.8372,0.03
2023-11-08,0.919,1.838,0.04
2023-11-09,0.9214,1.8428,0.26
2023-11-10,0.9149,1.8298,-0.71
2023-11-13,0.9192,1.8384,0.47
2023-11-14,0.9191,1.8382,-0.01
2023-11-15,0.926,1.852,0.75
2023-11-16,0.926,1.852,0
2023-11-17,0.9238,1.8476,-0.24
2023-11-20,0.9255,1.851,0.18
2023-11-21,0.9293,1.8586,0.41
2023-11-22,0.9278,1.8556,-0.16
2023-11-23,0.9313,1.8626,0.38
2023-11-24,0.931,1.862,-0.03
2023-11-27,0.9266,1.8532,-0.47
2023-11-28,0.9259,1.8518,-0.08
2023-11-29,0.9174,1.8348,-0.92
2023-11-30,0.9209,1.8418,0.38
2023-12-01,0.9255,1.851,0.5
2023-12-04,0.9272,1.8544,0.18
2023-12-05,0.9124,1.8248,-1.6
2023-12-06,0.9111,1.8222,-0.14
2023-12-07,0.9128,1.8256,0.19
2023-12-08,0.9097,1.8194,-0.34
2023-12-11,0.9206,1.8412,1.2
2023-12-12,0.926,1.852,0.59
2023-12-13,0.9186,1.8372,-0.8
2023-12-14,0.9173,1.8346,-0.14
2023-12-15,0.9115,1.823,-0.63
2023-12-18,0.9108,1.8216,-0.08
2023-12-19,0.9103,1.8206,-0.05
2023-12-20,0.9085,1.817,-0.2
2023-12-21,0.9062,1.8124,-0.25
2023-12-22,0.9065,1.813,0.03
2023-12-25,0.9068,1.8136,0.03
2023-12-26,0.9061,1.8122,-0.08
2023-12-27,0.9125,1.825,0.71
2023-12-28,0.909,1.818,-0.38
2023-12-29,0.9144,1.8288,0.59
2023-12-31,0.9143,1.8286,-0.01
2024-01-02,0.924,1.848,1.06
2024-01-03,0.9356,1.8712,1.26
2024-01-04,0.9432,1.8864,0.81
2024-01-05,0.9464,1.8928,0.34
2024-01-08,0.9376,1.8752,-0.93
2024-01-09,0.9433,1.8866,0.61
2024-01-10,0.9366,1.8732,-0.71
2024-01-11,0.9307,1.8614,-0.63
2024-01-12,0.9344,1.8688,0.4
2024-01-15,0.9411,1.8822,0.72
2024-01-16,0.946,1.892,0.52
2024-01-17,0.9337,1.8674,-1.3
2024-01-18,0.9271,1.8542,-0.71
2024-01-19,0.9215,1.843,-0.6
2024-01-22,0.8953,1.7906,-2.84
2024-01-23,0.9037,1.8074,0.94
2024-01-24,0.9253,1.8506,2.39
2024-01-25,0.9531,1.9062,3
2024-01-26,0.9665,1.933,1.41
2024-01-29,0.9687,1.9374,0.23
2024-01-30,0.9567,1.9134,-1.24
2024-01-31,0.9559,1.9118,-0.08
2024-02-01,0.9446,1.8892,-1.18
2024-02-02,0.9452,1.8904,0.06
2024-02-05,0.9441,1.8882,-0.12
2024-02-06,0.9599,1.9198,1.67
2024-02-07,0.9732,1.9464,1.39
2024-02-08,0.9711,1.9422,-0.22
2024-02-19,0.9948,1.9896,2.44
2024-02-20,1.0039,2.0078,0.91
2024-02-21,1.0083,2.0166,0.44
2024-02-22,1.0231,2.0462,1.47
2024-02-23,1.0227,2.0454,-0.04
2024-02-26,0.9985,1.997,-2.37
2024-02-27,1.0041,2.0082,0.56
2024-02-28,0.9953,1.9906,-0.88
2024-02-29,1.0049,2.0098,0.96
2024-03-01,1.005,2.01,0.01
2024-03-04,1.0103,2.0206,0.53
2024-03-05,1.0176,2.0352,0.72
2024-03-06,1.0173,2.0346,-0.03
2024-03-07,1.0214,2.0428,0.4
2024-03-08,1.0278,2.0556,0.63
2024-03-11,1.0208,2.0416,-0.68
2024-03-12,0.9954,1.9908,-2.49
2024-03-13,0.9924,1.9848,-0.3
2024-03-14,0.9956,1.9912,0.32
2024-03-15,0.9984,1.9968,0.28
2024-03-18,0.998,1.996,-0.04
2024-03-19,0.9936,1.9872,-0.44
2024-03-20,0.9996,1.9992,0.6
2024-03-21,1.0039,2.0078,0.43
2024-03-22,1.0001,2.0002,-0.38
2024-03-25,1.0019,2.0038,0.18
2024-03-26,1.0028,2.0056,0.09
2024-03-27,1.0011,2.0022,-0.17
2024-03-28,0.9985,1.997,-0.26
2024-03-29,1.0132,2.0264,1.47
2024-04-01,1.0158,2.0316,0.26
2024-04-02,1.022,2.044,0.61
2024-04-03,1.0307,2.0614,0.85
2024-04-08,1.0352,2.0704,0.44
2024-04-09,1.029,2.058,-0.6
2024-04-10,1.0316,2.0632,0.25
2024-04-11,1.041,2.082,0.91
2024-04-12,1.0398,2.0796,-0.12
2024-04-15,1.061,2.122,2.04
2024-04-16,1.06,2.12,-0.09
2024-04-17,1.0787,2.1574,1.76
2024-04-18,1.0812,2.1624,0.23
2024-04-19,1.0834,2.1668,0.2
2024-04-22,1.0615,2.123,-2.02
2024-04-23,1.0452,2.0904,-1.54
2024-04-24,1.043,2.086,-0.21
2024-04-25,1.0508,2.1016,0.75
2024-04-26,1.0388,2.0776,-1.14
2024-04-29,1.0355,2.071,-0.32
2024-04-30,1.0399,2.0798,0.42
2024-05-06,1.0469,2.0938,0.67
2024-05-07,1.0479,2.0958,0.1
2024-05-08,1.0522,2.1044,0.41
2024-05-09,1.0596,2.1192,0.7
2024-05-10,1.0654,2.1308,0.55
2024-05-13,1.0727,2.1454,0.69
2024-05-14,1.0682,2.1364,-0.42
2024-05-15,1.0666,2.1332,-0.15
2024-05-16,1.0679,2.1358,0.12
2024-05-17,1.076,2.152,0.76
2024-05-20,1.087,2.174,1.02
2024-05-21,1.0899,2.1798,0.27
2024-05-22,1.0873,2.1746,-0.24
2024-05-23,1.0761,2.1522,-1.03
2024-05-24,1.0753,2.1506,-0.07
2024-05-27,1.0935,2.187,1.69
2024-05-28,1.0898,2.1796,-0.34
2024-05-29,1.0905,2.181,0.06
2024-05-30,1.0825,2.165,-0.73
2024-05-31,1.0823,2.1646,-0.02
2024-06-03,1.0728,2.1456,-0.88
2024-06-04,1.0754,2.1508,0.24
2024-06-05,1.0604,2.1208,-1.39
2024-06-06,1.0636,2.1272,0.3
2024-06-07,1.0741,2.1482,0.99
2024-06-11,1.0544,2.1088,-1.83
2024-06-12,1.0666,2.1332,1.16
2024-06-13,1.0552,2.1104,-1.07
2024-06-14,1.056,2.112,0.08
2024-06-17,1.0446,2.0892,-1.08
2024-06-18,1.0487,2.0974,0.39
2024-06-19,1.0491,2.0982,0.04
2024-06-20,1.0489,2.0978,-0.02
2024-06-21,1.0484,2.0968,-0.05
2024-06-24,1.0364,2.0728,-1.14
2024-06-25,1.0404,2.0808,0.39
2024-06-26,1.046,2.092,0.54
2024-06-27,1.0456,2.0912,-0.04
2024-06-28,1.0557,2.1114,0.97
2024-06-30,1.0557,2.1114,0
2024-07-01,1.0759,2.1518,1.91
2024-07-02,1.0785,2.157,0.24
2024-07-03,1.0686,2.1372,-0.92
2024-07-04,1.0646,2.1292,-0.37
2024-07-05,1.0575,2.115,-0.67
2024-07-08,1.0519,2.1038,-0.53
2024-07-09,1.0642,2.1284,1.17
2024-07-10,1.0454,2.0908,-1.77
2024-07-11,1.0471,2.0942,0.16
2024-07-12,1.047,2.094,-0.01
2024-07-15,1.0569,2.1138,0.95
2024-07-16,1.0535,2.107,-0.32
2024-07-17,1.0472,2.0944,-0.6
2024-07-18,1.0517,2.1034,0.43
2024-07-19,1.0433,2.0866,-0.8
2024-07-22,1.0338,2.0676,-0.91
2024-07-23,1.0286,2.0572,-0.5
2024-07-24,1.0299,2.0598,0.13
2024-07-25,1.0236,2.0472,-0.61
2024-07-26,1.0168,2.0336,-0.66
2024-07-29,1.0216,2.0432,0.47
2024-07-30,1.0138,2.0276,-0.76
2024-07-31,1.0234,2.0468,0.95
2024-08-01,1.0239,2.0478,0.05
2024-08-02,1.0229,2.0458,-0.1
2024-08-05,1.0112,2.0224,-1.14
2024-08-06,1.007,2.014,-0.42
2024-08-07,1.0115,2.023,0.45
2024-08-08,1.0125,2.025,0.1
2024-08-09,1.0129,2.0258,0.04
2024-08-12,1.0161,2.0322,0.32
2024-08-13,1.0198,2.0396,0.36
2024-08-14,1.0183,2.0366,-0.15
2024-08-15,1.0285,2.057,1
2024-08-16,1.0322,2.0644,0.36
2024-08-19,1.047,2.094,1.43
2024-08-20,1.0368,2.0736,-0.97
2024-08-21,1.029,2.058,-0.75
2024-08-22,1.032,2.064,0.29
2024-08-23,1.0302,2.0604,-0.17
2024-08-26,1.0305,2.061,0.03
2024-08-27,1.0364,2.0728,0.57
2024-08-28,1.0299,2.0598,-0.63
2024-08-29,1.0084,2.0168,-2.09
2024-08-30,1.0024,2.0048,-0.6
2024-09-02,1.0076,2.0152,0.52
2024-09-03,0.9956,1.9912,-1.19
2024-09-04,0.9923,1.9846,-0.33
2024-09-05,0.9898,1.9796,-0.25
2024-09-06,0.9834,1.9668,-0.65
2024-09-09,0.9668,1.9336,-1.69
2024-09-10,0.9682,1.9364,0.14
2024-09-11,0.9447,1.8894,-2.43
2024-09-12,0.9493,1.8986,0.49
2024-09-13,0.9464,1.8928,-0.31
2024-09-18,0.9594,1.9188,1.37
2024-09-19,0.9609,1.9218,0.16
2024-09-20,0.9599,1.9198,-0.1
2024-09-23,0.9713,1.9426,1.19
2024-09-24,1.0139,2.0278,4.39
2024-09-25,1.0298,2.0596,1.57
2024-09-26,1.061,2.122,3.03
2024-09-27,1.0633,2.1266,0.22
2024-09-30,1.125,2.25,5.8
2024-10-08,1.1383,2.2766,1.18
2024-10-09,1.0572,2.1144,-7.12
2024-10-10,1.1001,2.2002,4.06
2024-10-11,1.0787,2.1574,-1.95
2024-10-14,1.1124,2.2248,3.12
2024-10-15,1.0885,2.177,-2.15
2024-10-16,1.1072,2.2144,1.72
2024-10-17,1.0928,2.1856,-1.3
2024-10-18,1.0993,2.1986,0.59
2024-10-21,1.0917,2.1834,-0.69
2024-10-22,1.097,2.194,0.49
2024-10-23,1.0953,2.1906,-0.15
2024-10-24,1.0897,2.1794,-0.51
2024-10-25,1.086,2.172,-0.34
2024-10-28,1.0899,2.1798,0.36
2024-10-29,1.0745,2.149,-1.41
2024-10-30,1.0665,2.133,-0.74
2024-10-31,1.0646,2.1292,-0.18
2024-11-01,1.0752,2.1504,1
2024-11-04,1.0854,2.1708,0.95
2024-11-05,1.0984,2.1968,1.2
2024-11-06,1.0952,2.1904,-0.29
2024-11-07,1.113,2.226,1.63
2024-11-08,1.0972,2.1944,-1.42
2024-11-11,1.0891,2.1782,-0.74
2024-11-12,1.0795,2.159,-0.88
2024-11-13,1.0856,2.1712,0.57
2024-11-14,1.078,2.156,-0.7
2024-11-15,1.0756,2.1512,-0.22
2024-11-18,1.0934,2.1868,1.65
2024-11-19,1.0959,2.1918,0.23
2024-11-20,1.098,2.196,0.19
2024-11-21,1.0952,2.1904,-0.26
2024-11-22,1.068,2.136,-2.48
2024-11-25,1.0698,2.1396,0.17
2024-11-26,1.0727,2.1454,0.27
2024-11-27,1.0857,2.1714,1.21
2024-11-28,1.0817,2.1634,-0.37
2024-11-29,1.0847,2.1694,0.28
2024-12-02,1.0859,2.1718,0.11
2024-12-03,1.0993,2.1986,1.23
2024-12-04,1.102,2.204,0.25
2024-12-05,1.1013,2.2026,-0.06
2024-12-06,1.1148,2.2296,1.23
2024-12-09,1.1184,2.2368,0.32
2024-12-10,1.1196,2.2392,0.11
2024-12-11,1.1199,2.2398,0.03
2024-12-12,1.1248,2.2496,0.44
2024-12-13,1.1032,2.2064,-1.92
2024-12-16,1.1145,2.229,1.02
2024-12-17,1.1117,2.2234,-0.25
2024-12-18,1.1201,2.2402,0.76
2024-12-19,1.1084,2.2168,-1.04
2024-12-20,1.1004,2.2008,-0.72
2024-12-23,1.104,2.208,0.33
2024-12-24,1.1157,2.2314,1.06
2024-12-25,1.1232,2.2464,0.67
2024-12-26,1.1184,2.2368,-0.43
2024-12-27,1.1209,2.2418,0.22
2024-12-30,1.13,2.26,0.81
2024-12-31,1.1213,2.2426,-0.77
2025-01-02,1.0969,2.1938,-2.18
2025-01-03,1.0848,2.1696,-1.1
2025-01-06,1.0874,2.1748,0.24
2025-01-07,1.0898,2.1796,0.22
2025-01-08,1.095,2.19,0.48
2025-01-09,1.0814,2.1628,-1.24
2025-01-10,1.07,2.14,-1.05
2025-01-13,1.0595,2.119,-0.98
2025-01-14,1.0745,2.149,1.42
2025-01-15,1.0761,2.1522,0.15
2025-01-16,1.0857,2.1714,0.89
2025-01-17,1.0841,2.1682,-0.15
2025-01-20,1.0838,2.1676,-0.03
2025-01-21,1.0763,2.1526,-0.69
2025-01-22,1.0605,2.121,-1.47
2025-01-23,1.0773,2.1546,1.58
2025-01-24,1.081,2.162,0.34
2025-01-27,1.0965,2.193,1.43
2025-02-05,1.0768,2.1536,-1.8
2025-02-06,1.0772,2.1544,0.04
2025-02-07,1.0783,2.1566,0.1
2025-02-10,1.077,2.154,-0.12
2025-02-11,1.0884,2.1768,1.06
2025-02-12,1.0914,2.1828,0.28
2025-02-13,1.0927,2.1854,0.12
2025-02-14,1.0939,2.1878,0.11
2025-02-17,1.0927,2.1854,-0.11
2025-02-18,1.0927,2.1854,0
2025-02-19,1.0926,2.1852,-0.01
2025-02-20,1.0906,2.1812,-0.18
2025-02-21,1.0804,2.1608,-0.94
2025-02-24,1.0795,2.159,-0.08
2025-02-25,1.07,2.14,-0.88
2025-02-26,1.0778,2.1556,0.73
2025-02-27,1.0871,2.1742,0.86
2025-02-28,1.0818,2.1636,-0.49
2025-03-03,1.083,2.166,0.11
2025-03-04,1.0828,2.1656,-0.02
2025-03-05,1.0921,2.1842,0.86
2025-03-06,1.0867,2.1734,-0.49
2025-03-07,1.0849,2.1698,-0.17
2025-03-10,1.0795,2.159,-0.5
2025-03-11,1.0866,2.1732,0.66
2025-03-12,1.085,2.17,-0.15
2025-03-13,1.0906,2.1812,0.52
2025-03-14,1.0998,2.1996,0.84
2025-03-17,1.1032,2.2064,0.31
2025-03-18,1.1021,2.2042,-0.1
2025-03-19,1.1092,2.2184,0.64
2025-03-20,1.1042,2.2084,-0.45
2025-03-21,1.1007,2.2014,-0.32
2025-03-24,1.1079,2.2158,0.65
2025-03-25,1.1154,2.2308,0.68
2025-03-26,1.1119,2.2238,-0.31
2025-03-27,1.1143,2.2286,0.22
2025-03-28,1.1109,2.2218,-0.31
2025-03-31,1.1116,2.2232,0.06
2025-04-01,1.1142,2.2284,0.23
2025-04-02,1.1224,2.2448,0.74
2025-04-03,1.1249,2.2498,0.22
2025-04-07,1.0652,2.1304,-5.31
2025-04-08,1.0883,2.1766,2.17
2025-04-09,1.0854,2.1708,-0.27
2025-04-10,1.0915,2.183,0.56
2025-04-11,1.0862,2.1724,-0.49
2025-04-14,1.0948,2.1896,0.79
2025-04-15,1.1072,2.2144,1.13
2025-04-16,1.1169,2.2338,0.88
2025-04-17,1.118,2.236,0.1
2025-04-18,1.1212,2.2424,0.29
2025-04-21,1.1138,2.2276,-0.66
2025-04-22,1.1201,2.2402,0.57
2025-04-23,1.1145,2.229,-0.5
2025-04-24,1.1257,2.2514,1
2025-04-25,1.1243,2.2486,-0.12
2025-04-28,1.1298,2.2596,0.49
2025-04-29,1.1266,2.2532,-0.28
2025-04-30,1.1075,2.215,-1.7
2025-05-06,1.1089,2.2178,0.13
2025-05-07,1.1187,2.2374,0.88
2025-05-08,1.1245,2.249,0.52
2025-05-09,1.1333,2.2666,0.78
2025-05-12,1.1337,2.2674,0.04
2025-05-13,1.1455,2.291,1.04
2025-05-14,1.1521,2.3042,0.58
2025-05-15,1.1475,2.295,-0.4
2025-05-16,1.1403,2.2806,-0.63
2025-05-19,1.1425,2.285,0.19
2025-05-20,1.1466,2.2932,0.36
2025-05-21,1.1538,2.3076,0.63
2025-05-22,1.1593,2.3186,0.48
2025-05-23,1.1503,2.3006,-0.78
2025-05-26,1.1459,2.2918,-0.38
2025-05-27,1.1481,2.2962,0.19
2025-05-28,1.1537,2.3074,0.49
2025-05-29,1.1524,2.3048,-0.11
2025-05-30,1.1564,2.3128,0.35
2025-06-03,1.1684,2.3368,1.04
2025-06-04,1.1737,2.3474,0.45
2025-06-05,1.1649,2.3298,-0.75
2025-06-06,1.1675,2.335,0.22
2025-06-09,1.168,2.336,0.04
2025-06-10,1.1698,2.3396,0.15
2025-06-11,1.172,2.344,0.19
2025-06-12,1.1763,2.3526,0.37
2025-06-13,1.1681,2.3362,-0.7
2025-06-16,1.1746,2.3492,0.56
2025-06-17,1.1719,2.3438,-0.23
2025-06-18,1.1789,2.3578,0.6
2025-06-19,1.1759,2.3518,-0.25
2025-06-20,1.1818,2.3636,0.5
2025-06-23,1.1887,2.3774,0.58
2025-06-24,1.1914,2.3828,0.23
2025-06-25,1.2005,2.401,0.76
2025-06-26,1.2059,2.4118,0.45
2025-06-27,1.1873,2.3746,-1.54
2025-06-30,1.1851,2.3702,-0.19
2025-07-01,1.1972,2.3944,1.02
2025-07-02,1.1998,2.3996,0.22
2025-07-03,1.2001,2.4002,0.03
2025-07-04,1.2116,2.4232,0.96
2025-07-07,1.2178,2.4356,0.51
2025-07-08,1.2151,2.4302,-0.22
2025-07-09,1.2217,2.4434,0.54
2025-07-10,1.2281,2.4562,0.52
2025-07-11,1.2169,2.4338,-0.91
2025-07-14,1.2255,2.451,0.71
2025-07-15,1.2143,2.4286,-0.91
2025-07-16,1.2098,2.4196,-0.37
2025-07-17,1.2075,2.415,-0.19
2025-07-18,1.2134,2.4268,0.49
2025-07-21,1.2133,2.4266,-0.01
2025-07-22,1.2154,2.4308,0.17
2025-07-23,1.217,2.434,0.13
2025-07-24,1.2074,2.4148,-0.79
2025-07-25,1.199,2.398,-0.7
2025-07-28,1.1948,2.3896,-0.35
2025-07-29,1.1879,2.3758,-0.58
2025-07-30,1.1929,2.3858,0.42
2025-07-31,1.1788,2.3576,-1.18
2025-08-01,1.1784,2.3568,-0.03
2025-08-04,1.1854,2.3708,0.59
2025-08-05,1.2002,2.4004,1.25
2025-08-06,1.2014,2.4028,0.1
2025-08-07,1.2052,2.4104,0.32
2025-08-08,1.207,2.414,0.15
2025-08-11,1.1989,2.3978,-0.67
2025-08-12,1.2034,2.4068,0.38
2025-08-13,1.1971,2.3942,-0.52
2025-08-14,1.1968,2.3936,-0.03
2025-08-15,1.1932,2.3864,-0.3
2025-08-18,1.1966,2.3932,0.28
2025-08-19,1.1972,2.3944,0.05
2025-08-20,1.2064,2.4128,0.77
2025-08-21,1.2126,2.4252,0.51
2025-08-22,1.2087,2.4174,-0.32
2025-08-25,1.2191,2.4382,0.86
2025-08-26,1.2165,2.433,-0.21
2025-08-27,1.195,2.39,-1.77
2025-08-28,1.1971,2.3942,0.18
2025-08-29,1.1917,2.3834,-0.45
2025-09-01,1.19,2.38,-0.14
2025-09-02,1.2002,2.4004,0.86
2025-09-03,1.187,2.374,-1.1
2025-09-04,1.1898,2.3796,0.24
2025-09-05,1.1841,2.3682,-0.48
2025-09-08,1.1853,2.3706,0.1
2025-09-09,1.1905,2.381,0.44
2025-09-10,1.1885,2.377,-0.17
2025-09-11,1.1924,2.3848,0.33
2025-09-12,1.1836,2.3672,-0.74
2025-09-15,1.1746,2.3492,-0.76
2025-09-16,1.1702,2.3404,-0.37
2025-09-17,1.1739,2.3478,0.32
2025-09-18,1.1508,2.3016,-1.97
2025-09-19,1.1576,2.3152,0.59
2025-09-22,1.1491,2.2982,-0.73
2025-09-23,1.1579,2.3158,0.77
2025-09-24,1.1568,2.3136,-0.09
2025-09-25,1.1475,2.295,-0.8
2025-09-26,1.148,2.296,0.04
2025-09-29,1.1475,2.295,-0.04
2025-09-30,1.1387,2.2774,-0.77
2025-10-09,1.1405,2.281,0.16
2025-10-10,1.1488,2.2976,0.73
2025-10-13,1.1557,2.3114,0.6
2025-10-14,1.1767,2.3534,1.82
2025-10-15,1.1827,2.3654,0.51
2025-10-16,1.1899,2.3798,0.61
2025-10-17,1.1863,2.3726,-0.3
2025-10-20,1.1867,2.3734,0.03
2025-10-21,1.1905,2.381,0.32
2025-10-22,1.198,2.396,0.63
2025-10-23,1.2042,2.4084,0.52
2025-10-24,1.1976,2.3952,-0.55
2025-10-27,1.1985,2.397,0.08
2025-10-28,1.197,2.394,-0.13
2025-10-29,1.187,2.374,-0.84
2025-10-30,1.1884,2.3768,0.12
2025-10-31,1.1878,2.3756,-0.05
2025-11-03,1.2036,2.4072,1.33
2025-11-04,1.2166,2.4332,1.08
2025-11-05,1.2166,2.4332,0
2025-11-06,1.2162,2.4324,-0.03
2025-11-07,1.2165,2.433,0.02
2025-11-10,1.2277,2.4554,0.92
2025-11-11,1.2311,2.4622,0.28
2025-11-12,1.2402,2.4804,0.74
2025-11-13,1.2384,2.4768,-0.15
2025-11-14,1.234,2.468,-0.36
2025-11-17,1.2242,2.4484,-0.79
2025-11-18,1.2154,2.4308,-0.72
2025-11-19,1.2184,2.4368,0.25
2025-11-20,1.2237,2.4474,0.43
2025-11-21,1.2094,2.4188,-1.17
2025-11-24,1.2016,2.4032,-0.64
2025-11-25,1.2091,2.4182,0.62
2025-11-26,1.2021,2.4042,-0.58
2025-11-27,1.2045,2.409,0.2
2025-11-28,1.2025,2.405,-0.17
2025-12-01,1.2108,2.4216,0.69
2025-12-02,1.2098,2.4196,-0.08
2025-12-03,1.2038,2.4076,-0.5
2025-12-04,1.1982,2.3964,-0.47
2025-12-05,1.1916,2.3832,-0.55
2025-12-08,1.1886,2.3772,-0.25
2025-12-09,1.1822,2.3644,-0.54
2025-12-10,1.1766,2.3532,-0.47
2025-12-11,1.1746,2.3492,-0.17
2025-12-12,1.17,2.34,-0.39
2025-12-15,1.1743,2.3486,0.37
2025-12-16,1.1683,2.3366,-0.51
2025-12-17,1.1692,2.3384,0.08
2025-12-18,1.1811,2.3622,1.02
2025-12-19,1.1794,2.3588,-0.14
2025-12-22,1.1724,2.3448,-0.59
2025-12-23,1.1745,2.349,0.18
2025-12-24,1.1753,2.3506,0.07
2025-12-25,1.1771,2.3542,0.15
2025-12-26,1.175,2.35,-0.18
2025-12-29,1.1757,2.3514,0.06
2025-12-30,1.1741,2.3482,-0.14
2025-12-31,1.1745,2.349,0.03
2026-01-05,1.1736,2.3472,-0.08
2026-01-06,1.1747,2.3494,0.09
2026-01-07,1.1685,2.337,-0.53
2026-01-08,1.1611,2.3222,-0.63
2026-01-09,1.1616,2.3232,0.04
2026-01-12,1.1637,2.3274,0.18
2026-01-13,1.1668,2.3336,0.27
2026-01-14,1.1549,2.3098,-1.02
2026-01-15,1.1519,2.3038,-0.26
2026-01-16,1.1424,2.2848,-0.82
2026-01-19,1.1436,2.2872,0.11
2026-01-20,1.16,2.32,1.43
2026-01-21,1.1502,2.3004,-0.84
2026-01-22,1.1517,2.3034,0.13
2026-01-23,1.1478,2.2956,-0.34
2026-01-26,1.1536,2.3072,0.51
2026-01-27,1.148,2.296,-0.49
2026-01-28,1.1505,2.301,0.22
2026-01-29,1.1671,2.3342,1.44
2026-01-30,1.1659,2.3318,-0.1
2026-02-02,1.1522,2.3044,-1.18
2026-02-03,1.1493,2.2986,-0.25
2026-02-04,1.1664,2.3328,1.49
2026-02-05,1.1802,2.3604,1.18
2026-02-06,1.1762,2.3524,-0.34
2026-02-09,1.182,2.364,0.49
2026-02-10,1.1853,2.3706,0.28
2026-02-11,1.1882,2.3764,0.24
2026-02-12,1.1773,2.3546,-0.92
2026-02-13,1.1651,2.3302,-1.04
2026-02-24,1.1717,2.3434,0.57
2026-02-25,1.1697,2.3394,-0.17
2026-02-26,1.1676,2.3352,-0.18
2026-02-27,1.1712,2.3424,0.31
2026-03-02,1.1825,2.365,0.96
2026-03-03,1.1941,2.3882,0.98
2026-03-04,1.1795,2.359,-1.22
2026-03-05,1.1818,2.3636,0.19
2026-03-06,1.1874,2.3748,0.47
2026-03-09,1.188,2.376,0.05
2026-03-10,1.1844,2.3688,-0.3
2026-03-11,1.1968,2.3936,1.05
2026-03-12,1.2031,2.4062,0.53
2026-03-13,1.2049,2.4098,0.15
2026-03-16,1.2055,2.411,0.05
2026-03-17,1.2087,2.4174,0.27
2026-03-18,1.2045,2.409,-0.35
2026-03-19,1.2007,2.4014,-0.32
